Workbook

Sheet Instructions
A1: Bill of Quantities (BOQ) Template — Building Works
A2: Norden Trading Plc | Editable Excel template for building projects in Ethiopia
A4: HOW TO USE
A5: 1. Open the 'Summary' sheet and type your project details in the shaded cells.
A6: 2. Go to each Bill sheet (1 Preliminaries … 7 MEP). Fill in the Quantity (from your take-off) and the Rate (ETB per unit). Amounts calculate automatically.
A7: 3. Add rows by inserting a row ABOVE the 'Total of Bill' line (select the row, right-click, Insert). Copy the formulas down from the row above. Item numbers are plain text — renumber if needed.
A8: 4. The 'Summary' sheet collects every bill, adds contingency and VAT, and gives the Grand Total.
A10: COLOUR CODE
A11: Blue text on a pale-yellow cell = you type here. Black text = formula, do not overwrite.
A13: IMPORTANT NOTES
A14: • Item descriptions are typical building items to get you started. Edit, delete or add items to match your drawings and specification.
A15: • Quantities and rates are intentionally blank — they depend entirely on your project and current market prices.
... A18: • This is a general-purpose template. It does not replace professional quantity surveying judgment or your client's own BOQ format.

Sheet Summary
A1: BOQ Summary
A2: Totals update automatically from the bill sheets
A3: Project
A4: Client
A5: Location | B5: Addis Ababa
A6: Prepared by
A7: Date
A8: Currency | B8: ETB
A10: Bill No. | B10: Description | C10: Sheet | D10: Amount (ETB)
A11: 1 | B11: Preliminaries & General Items | C11: 1 Preliminaries | D11: ='1 Preliminaries'!F20 -> 0
A12: 2 | B12: Earthworks & Substructure | C12: 2 Substructure | D12: ='2 Substructure'!F22 -> 0
A13: 3 | B13: Concrete Frame & Walling | C13: 3 Superstructure | D13: ='3 Superstructure'!F21 -> 0
A14: 4 | B14: Roofing & Waterproofing | C14: 4 Roofing | D14: ='4 Roofing'!F17 -> 0
A15: 5 | B15: Finishes | C15: 5 Finishes | D15: ='5 Finishes'!F19 -> 0
A16: 6 | B16: Doors, Windows & Ironmongery | C16: 6 Doors & Windows | D16: ='6 Doors & Windows'!F16 -> 0
A17: 7 | B17: Mechanical, Electrical & Plumbing (Provisional Sums) | C17: 7 MEP (Provisional) | D17: ='7 MEP (Provisional)'!F17 -> 0
B18: Sub-total of all bills | D18: =SUM(D11:D17) -> 0
B19: Contingency (% of sub-total) | C19: 0.05 | D19: =D18*C19 -> 0
B20: Total before VAT | D20: =D18+D19 -> 0
B21: VAT | C21: 0.15 | D21: =D20*C21 -> 0
B22: GRAND TOTAL (incl. VAT) | D22: =D20+D21 -> 0

Sheet 1 Preliminaries
A1: Bill No. 1 — Preliminaries & General Items
A2: Type quantities and rates in the shaded cells. Amount = Quantity x Rate.
A3: Project: | B3: =Summary!B3 -> 0
A5: Item | B5: Description | C5: Unit | D5: Quantity | E5: Rate (ETB) | F5: Amount (ETB)
A6: 1.01 | B6: Contractor's site establishment, offices and stores | C6: LS | F6: =D6*E6 -> 0
A7: 1.02 | B7: Site signboard | C7: no | F7: =D7*E7 -> 0
A8: 1.03 | B8: Temporary water and power supply | C8: LS | F8: =D8*E8 -> 0
A9: 1.04 | B9: Setting out and survey | C9: LS | F9: =D9*E9 -> 0
A10: 1.05 | B10: Insurance of works, third-party and workmen | C10: LS | F10: =D10*E10 -> 0
A11: 1.06 | B11: Performance security (bank guarantee charges) | C11: LS | F11: =D11*E11 -> 0
A12: 1.07 | B12: Health, safety and environmental measures | C12: LS | F12: =D12*E12 -> 0
A13: 1.08 | B13: Site clearance and removal of debris | C13: m2 | F13: =D13*E13 -> 0
A14: 1.09 | B14: Testing of materials (concrete cubes, steel, soil) | C14: LS | F14: =D14*E14 -> 0
A15: 1.10 | B15: Temporary site fencing and security | C15: m | F15: =D15*E15 -> 0
A16: 1.11 | B16: As-built drawings and handover documents | C16: LS | F16: =D16*E16 -> 0
F17: =D17*E17 -> 0
F18: =D18*E18 -> 0
F19: =D19*E19 -> 0
B20: Total of Bill — carried to Summary | F20: =SUM(F6:F19) -> 0

Sheet 2 Substructure
A1: Bill No. 2 — Earthworks & Substructure
A2: Type quantities and rates in the shaded cells. Amount = Quantity x Rate.
A3: Project: | B3: =Summary!B3 -> 0
A5: Item | B5: Description | C5: Unit | D5: Quantity | E5: Rate (ETB) | F5: Amount (ETB)
A6: 2.01 | B6: Excavate trenches for foundations, depth not exceeding 1.50 m | C6: m3 | F6: =D6*E6 -> 0
A7: 2.02 | B7: Excavate for column footings, depth not exceeding 2.00 m | C7: m3 | F7: =D7*E7 -> 0
A8: 2.03 | B8: Backfilling with selected excavated material, compacted in layers | C8: m3 | F8: =D8*E8 -> 0
A9: 2.04 | B9: Hardcore filling 200 mm thick, compacted | C9: m2 | F9: =D9*E9 -> 0
A10: 2.05 | B10: Anti-termite treatment to excavated surfaces | C10: m2 | F10: =D10*E10 -> 0
A11: 2.06 | B11: Blinding concrete C-5, 50 mm thick | C11: m2 | F11: =D11*E11 -> 0
A12: 2.07 | B12: Reinforced concrete C-25 in footings | C12: m3 | F12: =D12*E12 -> 0
A13: 2.08 | B13: Reinforced concrete C-25 in tie beams and columns to ground level | C13: m3 | F13: =D13*E13 -> 0
A14: 2.09 | B14: Formwork to footings, tie beams and columns | C14: m2 | F14: =D14*E14 -> 0
A15: 2.10 | B15: Reinforcement steel bars, all diameters (supply, cut, bend, fix) | C15: kg | F15: =D15*E15 -> 0
A16: 2.11 | B16: Stone masonry foundation wall | C16: m3 | F16: =D16*E16 -> 0
A17: 2.12 | B17: Polyethylene damp-proof membrane under floor slab | C17: m2 | F17: =D17*E17 -> 0
A18: 2.13 | B18: Ground-floor slab, C-20 concrete 100 mm thick with mesh | C18: m2 | F18: =D18*E18 -> 0
F19: =D19*E19 -> 0
F20: =D20*E20 -> 0
F21: =D21*E21 -> 0
B22: Total of Bill — carried to Summary | F22: =SUM(F6:F21) -> 0

Sheet 3 Superstructure
A1: Bill No. 3 — Concrete Frame & Walling
A2: Type quantities and rates in the shaded cells. Amount = Quantity x Rate.
A3: Project: | B3: =Summary!B3 -> 0
A5: Item | B5: Description | C5: Unit | D5: Quantity | E5: Rate (ETB) | F5: Amount (ETB)
A6: 3.01 | B6: Reinforced concrete C-25 in columns | C6: m3 | F6: =D6*E6 -> 0
A7: 3.02 | B7: Reinforced concrete C-25 in beams | C7: m3 | F7: =D7*E7 -> 0
A8: 3.03 | B8: Reinforced concrete C-25 in suspended slabs | C8: m3 | F8: =D8*E8 -> 0
A9: 3.04 | B9: Reinforced concrete C-25 in staircase | C9: m3 | F9: =D9*E9 -> 0
A10: 3.05 | B10: Formwork to columns | C10: m2 | F10: =D10*E10 -> 0
A11: 3.06 | B11: Formwork to beams and slabs | C11: m2 | F11: =D11*E11 -> 0
A12: 3.07 | B12: Reinforcement steel bars, all diameters (supply, cut, bend, fix) | C12: kg | F12: =D12*E12 -> 0
A13: 3.08 | B13: 200 mm hollow concrete block walling | C13: m2 | F13: =D13*E13 -> 0
A14: 3.09 | B14: 150 mm hollow concrete block walling | C14: m2 | F14: =D14*E14 -> 0
A15: 3.10 | B15: 100 mm hollow concrete block partition | C15: m2 | F15: =D15*E15 -> 0
A16: 3.11 | B16: Lintels over openings, C-25 reinforced | C16: m | F16: =D16*E16 -> 0
A17: 3.12 | B17: Stairs and balcony balustrade / handrail | C17: m | F17: =D17*E17 -> 0
F18: =D18*E18 -> 0
F19: =D19*E19 -> 0
F20: =D20*E20 -> 0
B21: Total of Bill — carried to Summary | F21: =SUM(F6:F20) -> 0

Sheet 4 Roofing
A1: Bill No. 4 — Roofing & Waterproofing
A2: Type quantities and rates in the shaded cells. Amount = Quantity x Rate.
A3: Project: | B3: =Summary!B3 -> 0
A5: Item | B5: Description | C5: Unit | D5: Quantity | E5: Rate (ETB) | F5: Amount (ETB)
A6: 4.01 | B6: Timber or steel roof structure (trusses, purlins) | C6: m2 | F6: =D6*E6 -> 0
A7: 4.02 | B7: Pre-painted corrugated iron sheet roof covering | C7: m2 | F7: =D7*E7 -> 0
A8: 4.03 | B8: Ridge and hip capping | C8: m | F8: =D8*E8 -> 0
A9: 4.04 | B9: Fascia board and eaves finish | C9: m | F9: =D9*E9 -> 0
A10: 4.05 | B10: Rainwater gutters | C10: m | F10: =D10*E10 -> 0
A11: 4.06 | B11: Rainwater down pipes | C11: m | F11: =D11*E11 -> 0
A12: 4.07 | B12: Waterproofing to flat roof and wet areas | C12: m2 | F12: =D12*E12 -> 0
A13: 4.08 | B13: Roof insulation | C13: m2 | F13: =D13*E13 -> 0
F14: =D14*E14 -> 0
F15: =D15*E15 -> 0
F16: =D16*E16 -> 0
B17: Total of Bill — carried to Summary | F17: =SUM(F6:F16) -> 0

Sheet 5 Finishes
A1: Bill No. 5 — Finishes
A2: Type quantities and rates in the shaded cells. Amount = Quantity x Rate.
A3: Project: | B3: =Summary!B3 -> 0
A5: Item | B5: Description | C5: Unit | D5: Quantity | E5: Rate (ETB) | F5: Amount (ETB)
A6: 5.01 | B6: Cement sand plaster to internal walls, 2 coats | C6: m2 | F6: =D6*E6 -> 0
A7: 5.02 | B7: Cement sand plaster to external walls, 2 coats | C7: m2 | F7: =D7*E7 -> 0
A8: 5.03 | B8: Ceramic floor tiles incl. adhesive and grout | C8: m2 | F8: =D8*E8 -> 0
A9: 5.04 | B9: Ceramic wall tiles to wet areas | C9: m2 | F9: =D9*E9 -> 0
A10: 5.05 | B10: Skirting, 100 mm high | C10: m | F10: =D10*E10 -> 0
A11: 5.06 | B11: Terrazzo / granite finish to staircase and entrance | C11: m2 | F11: =D11*E11 -> 0
A12: 5.07 | B12: Gypsum / suspended ceiling | C12: m2 | F12: =D12*E12 -> 0
A13: 5.08 | B13: Emulsion paint to internal walls and ceilings, 3 coats | C13: m2 | F13: =D13*E13 -> 0
A14: 5.09 | B14: Weather-resistant paint to external walls, 3 coats | C14: m2 | F14: =D14*E14 -> 0
A15: 5.10 | B15: Screed 40 mm thick to floors | C15: m2 | F15: =D15*E15 -> 0
F16: =D16*E16 -> 0
F17: =D17*E17 -> 0
F18: =D18*E18 -> 0
B19: Total of Bill — carried to Summary | F19: =SUM(F6:F18) -> 0

Sheet 6 Doors & Windows
A1: Bill No. 6 — Doors, Windows & Ironmongery
A2: Type quantities and rates in the shaded cells. Amount = Quantity x Rate.
A3: Project: | B3: =Summary!B3 -> 0
A5: Item | B5: Description | C5: Unit | D5: Quantity | E5: Rate (ETB) | F5: Amount (ETB)
A6: 6.01 | B6: Timber panel doors incl. frame and ironmongery | C6: no | F6: =D6*E6 -> 0
A7: 6.02 | B7: Flush internal doors incl. frame and ironmongery | C7: no | F7: =D7*E7 -> 0
A8: 6.03 | B8: Steel external door | C8: no | F8: =D8*E8 -> 0
A9: 6.04 | B9: Aluminium sliding windows with glazing | C9: m2 | F9: =D9*E9 -> 0
A10: 6.05 | B10: Aluminium fixed windows with glazing | C10: m2 | F10: =D10*E10 -> 0
A11: 6.06 | B11: Steel security grill to windows | C11: m2 | F11: =D11*E11 -> 0
A12: 6.07 | B12: Door and window painting / varnishing | C12: m2 | F12: =D12*E12 -> 0
F13: =D13*E13 -> 0
F14: =D14*E14 -> 0
F15: =D15*E15 -> 0
B16: Total of Bill — carried to Summary | F16: =SUM(F6:F15) -> 0

Sheet 7 MEP (Provisional)
A1: Bill No. 7 — Mechanical, Electrical & Plumbing (Provisional Sums)
A2: Type quantities and rates in the shaded cells. Amount = Quantity x Rate.
A3: Project: | B3: =Summary!B3 -> 0
A5: Item | B5: Description | C5: Unit | D5: Quantity | E5: Rate (ETB) | F5: Amount (ETB)
A6: 7.01 | B6: Electrical installation: conduits, wiring, switches and sockets | C6: LS | F6: =D6*E6 -> 0
A7: 7.02 | B7: Lighting fittings (supply and install) | C7: LS | F7: =D7*E7 -> 0
A8: 7.03 | B8: Main distribution board and earthing | C8: LS | F8: =D8*E8 -> 0
A9: 7.04 | B9: Water supply pipework and fittings | C9: LS | F9: =D9*E9 -> 0
A10: 7.05 | B10: Sanitary fittings (WC, wash basins, showers) | C10: LS | F10: =D10*E10 -> 0
A11: 7.06 | B11: Drainage and sewer pipework, manholes | C11: LS | F11: =D11*E11 -> 0
A12: 7.07 | B12: Septic tank and soak-away | C12: LS | F12: =D12*E12 -> 0
A13: 7.08 | B13: Fire safety equipment | C13: LS | F13: =D13*E13 -> 0
F14: =D14*E14 -> 0
F15: =D15*E15 -> 0
F16: =D16*E16 -> 0
B17: Total of Bill — carried to Summary | F17: =SUM(F6:F16) -> 0
